[{"id":"user-image-1322236.png","publicUrl":"np://user.desktop.nicepage.com/Site_69369087/images/1322236.png","size":4784,"hash":"zPezUu+vY7MjExYH7Q9kvntulbM=","fileName":"1322236.png","name":"1322236","width":128,"height":128,"thumbnail":{"url":"np://user.desktop.nicepage.com/Site_69369087/images/thumbnails/1322236.png","width":128,"height":128,"length":4784,"type":"png"},"originalUrl":"https://assets.nicepagecdn.com/d2cc3eaa/6249008/images/1322236.png","usages":["471126084"]},{"id":"user-image-2652197.png","publicUrl":"np://user.desktop.nicepage.com/Site_69369087/images/2652197.png","size":2559,"hash":"RC+pt/J4CcD4BVUywIzaC9AJpRY=","fileName":"2652197.png","name":"2652197","width":128,"height":128,"thumbnail":{"url":"np://user.desktop.nicepage.com/Site_69369087/images/thumbnails/2652197.png","width":128,"height":128,"length":2559,"type":"png"},"originalUrl":"https://assets.nicepagecdn.com/d2cc3eaa/6249008/images/2652197.png","usages":["471126084"]},{"id":"user-image-5man.jpg","publicUrl":"np://user.desktop.nicepage.com/Site_69369087/images/5man.jpg","size":33819,"hash":"eCFhWAnHzewcKbeldAwcH7HaNJI=","fileName":"5man.jpg","name":"5man","width":626,"height":417,"thumbnail":{"url":"np://user.desktop.nicepage.com/Site_69369087/images/thumbnails/5man.jpg","width":250,"height":167},"originalUrl":"https://assets.nicepagecdn.com/d2cc3eaa/4115030/images/5man.jpg","usages":["471126084"]},{"id":"user-image-940926.png","publicUrl":"np://user.desktop.nicepage.com/Site_69369087/images/940926.png","size":3068,"hash":"9sxoDdXvy5DzzKrDO6eMqN9r9aA=","fileName":"940926.png","name":"940926","width":128,"height":128,"thumbnail":{"url":"np://user.desktop.nicepage.com/Site_69369087/images/thumbnails/940926.png","width":128,"height":128,"length":3068,"type":"png"},"originalUrl":"https://assets.nicepagecdn.com/d2cc3eaa/6249008/images/940926.png","usages":["471126084"]},{"id":"user-image-ddddddd.jpg","publicUrl":"np://user.desktop.nicepage.com/Site_69369087/images/ddddddd.jpg","size":32911,"hash":"t8rnKs2OY7liyohJbfdVXLYRBFY=","fileName":"ddddddd.jpg","name":"ddddddd","width":626,"height":417,"thumbnail":{"url":"np://user.desktop.nicepage.com/Site_69369087/images/thumbnails/ddddddd.jpg","width":250,"height":167},"originalUrl":"//images01.nicepagecdn.com/c461c07a441a5d220e8feb1a/2d3e149e710d5030b9e36a55/ddddddd.jpg?version=","usages":["471126084"]},{"id":"user-image-dining-room-interior-design-with-gallery-wall.jpg","publicUrl":"np://user.desktop.nicepage.com/Site_69369087/images/dining-room-interior-design-with-gallery-wall.jpg","size":676540,"hash":"BC8NCgTdOAVZRqs/cL2E9hD+U/s=","fileName":"dining-room-interior-design-with-gallery-wall.jpg","name":"dining-room-interior-design-with-gallery-wall","width":1980,"height":1320,"thumbnail":{"url":"np://user.desktop.nicepage.com/Site_69369087/images/thumbnails/dining-room-interior-design-with-gallery-wall.jpg","width":250,"height":167},"originalUrl":"https://assets.nicepagecdn.com/d2cc3eaa/6249008/images/dining-room-interior-design-with-gallery-wall.jpg","usages":["471126084"]},{"id":"user-image-happy-man-with-long-thick-ginger-beard-has-friendly-smile_273609-16616.jpg","publicUrl":"np://user.desktop.nicepage.com/Site_69369087/images/happy-man-with-long-thick-ginger-beard-has-friendly-smile_273609-16616.jpg","size":30250,"hash":"j6gtVcl/B4rpjoSTX6cmOcqbVoU=","fileName":"happy-man-with-long-thick-ginger-beard-has-friendly-smile_273609-16616.jpg","name":"happy-man-with-long-thick-ginger-beard-has-friendly-smile_273609-16616","width":626,"height":417,"thumbnail":{"url":"np://user.desktop.nicepage.com/Site_69369087/images/thumbnails/happy-man-with-long-thick-ginger-beard-has-friendly-smile_273609-16616.jpg","width":250,"height":167},"originalUrl":"//images01.nicepagecdn.com/c461c07a441a5d220e8feb1a/20b72dd9d347529c80882425/happy-man-with-long-thick-ginger-beard-has-friendly-smile_273609-16616.jpg?version=","usages":["471126084"]},{"id":"user-image-large-glass-sliding-doors-adorn-aesthetic-home-entrance-leaving-room-5-min.jpg","publicUrl":"np://user.desktop.nicepage.com/Site_69369087/images/large-glass-sliding-doors-adorn-aesthetic-home-entrance-leaving-room-5-min.jpg","size":329398,"hash":"EnUeSAcCkElbTntSluCPbp1vdSM=","fileName":"large-glass-sliding-doors-adorn-aesthetic-home-entrance-leaving-room-5-min.jpg","name":"large-glass-sliding-doors-adorn-aesthetic-home-entrance-leaving-room-5-min","width":1980,"height":1110,"thumbnail":{"url":"np://user.desktop.nicepage.com/Site_69369087/images/thumbnails/large-glass-sliding-doors-adorn-aesthetic-home-entrance-leaving-room-5-min.jpg","width":250,"height":140},"originalUrl":"https://assets.nicepagecdn.com/d2cc3eaa/6249008/images/large-glass-sliding-doors-adorn-aesthetic-home-entrance-leaving-room-5-min.jpg","usages":["471126084"]},{"id":"user-image-logo-main.png","publicUrl":"np://user.desktop.nicepage.com/Site_69369087/images/logo-main.png","size":19672,"hash":"50ydx1x1slKFAdko37QlguFCtjc=","fileName":"logo-main.png","name":"logo-main","width":600,"height":600,"thumbnail":{"url":"np://user.desktop.nicepage.com/Site_69369087/images/thumbnails/logo-main.png","width":250,"height":250},"usages":[]},{"id":"user-image-man895.jpg","publicUrl":"np://user.desktop.nicepage.com/Site_69369087/images/man895.jpg","size":33941,"hash":"i0Rmqkz87NhoCjAonKPX6UBcSB0=","fileName":"man895.jpg","name":"man895","width":626,"height":417,"thumbnail":{"url":"np://user.desktop.nicepage.com/Site_69369087/images/thumbnails/man895.jpg","width":250,"height":167},"originalUrl":"https://assets.nicepagecdn.com/d2cc3eaa/3762495/images/man895.jpg","usages":["471126084"]},{"id":"user-image-modern-living-room-interior-psd-mockup_53876-123259.jpg","publicUrl":"np://user.desktop.nicepage.com/Site_69369087/images/modern-living-room-interior-psd-mockup_53876-123259.jpg","size":124724,"hash":"KgLvT3+Po9n+UuK9fVI8YcZdli8=","fileName":"modern-living-room-interior-psd-mockup_53876-123259.jpg","name":"modern-living-room-interior-psd-mockup_53876-123259","width":900,"height":900,"thumbnail":{"url":"np://user.desktop.nicepage.com/Site_69369087/images/thumbnails/modern-living-room-interior-psd-mockup_53876-123259.jpg","width":250,"height":250},"originalUrl":"https://assets.nicepagecdn.com/d2cc3eaa/6249008/images/modern-living-room-interior-psd-mockup_53876-123259.jpg","usages":["471126084"]},{"id":"user-image-modern-styled-entryway_23-215069.jpg","publicUrl":"np://user.desktop.nicepage.com/Site_69369087/images/modern-styled-entryway_23-215069.jpg","size":134683,"hash":"mAVTiXvwpj2+tGbOE/tKu3Mlk9I=","fileName":"modern-styled-entryway_23-215069.jpg","name":"modern-styled-entryway_23-215069","width":900,"height":900,"thumbnail":{"url":"np://user.desktop.nicepage.com/Site_69369087/images/thumbnails/modern-styled-entryway_23-215069.jpg","width":250,"height":250},"originalUrl":"https://assets.nicepagecdn.com/d2cc3eaa/6249008/images/modern-styled-entryway_23-215069.jpg","usages":["471126084"]},{"id":"user-image-photo-1606744888344-493238951221.jpeg","publicUrl":"np://user.desktop.nicepage.com/Site_69369087/images/photo-1606744888344-493238951221.jpeg","size":180386,"hash":"QjdBGpsbrmKH2xsiPQs1M9WiWfo=","fileName":"photo-1606744888344-493238951221.jpeg","name":"photo-1606744888344-493238951221","width":1200,"height":900,"thumbnail":{"url":"np://user.desktop.nicepage.com/Site_69369087/images/thumbnails/photo-1606744888344-493238951221.jpeg","width":250,"height":188},"originalUrl":"https://assets.nicepagecdn.com/d2cc3eaa/6249008/images/photo-1606744888344-493238951221.jpeg","usages":["471126084"]},{"id":"user-image-portrait-modern-woman-working-with-laptop_23-2148131710.jpg","publicUrl":"np://user.desktop.nicepage.com/Site_69369087/images/portrait-modern-woman-working-with-laptop_23-2148131710.jpg","size":199303,"hash":"k5jPqmhoE0tUsloPiaC4JCN+t3c=","fileName":"portrait-modern-woman-working-with-laptop_23-2148131710.jpg","name":"portrait-modern-woman-working-with-laptop_23-2148131710","width":1380,"height":920,"thumbnail":{"url":"np://user.desktop.nicepage.com/Site_69369087/images/thumbnails/portrait-modern-woman-working-with-laptop_23-2148131710.jpg","width":250,"height":167},"originalUrl":"https://assets.nicepagecdn.com/d2cc3eaa/6249008/images/portrait-modern-woman-working-with-laptop_23-2148131710.jpg","usages":["471126084"]},{"id":"user-image-pretty-smiling-joyfully-female-with-fair-hair-dressed-casually-looking-with-satisfaction_176420-15187.jpg","publicUrl":"np://user.desktop.nicepage.com/Site_69369087/images/pretty-smiling-joyfully-female-with-fair-hair-dressed-casually-looking-with-satisfaction_176420-15187.jpg","size":41342,"hash":"XUMO3dduxScl7ovT7bx1vjTdLhQ=","fileName":"pretty-smiling-joyfully-female-with-fair-hair-dressed-casually-looking-with-satisfaction_176420-15187.jpg","name":"pretty-smiling-joyfully-female-with-fair-hair-dressed-casually-looking-with-satisfaction_176420-15187","width":626,"height":417,"thumbnail":{"url":"np://user.desktop.nicepage.com/Site_69369087/images/thumbnails/pretty-smiling-joyfully-female-with-fair-hair-dressed-casually-looking-with-satisfaction_176420-15187.jpg","width":250,"height":167},"originalUrl":"//images01.nicepagecdn.com/c461c07a441a5d220e8feb1a/bb4a3324cba15018a0c8e5ad/pretty-smiling-joyfully-female-with-fair-hair-dressed-casually-looking-with-satisfaction_176420-15187.jpg?version=","usages":["471126084"]},{"id":"user-image-relaxing-individual-armchair-front-window-with-small-table-interior-cozy-house-ai-generateive-generative-ai_123827-23841.jpg","publicUrl":"np://user.desktop.nicepage.com/Site_69369087/images/relaxing-individual-armchair-front-window-with-small-table-interior-cozy-house-ai-generateive-generative-ai_123827-23841.jpg","size":171692,"hash":"EVlDGz+c2q/LWtu/qR7V/aeVHl4=","fileName":"relaxing-individual-armchair-front-window-with-small-table-interior-cozy-house-ai-generateive-generative-ai_123827-23841.jpg","name":"relaxing-individual-armchair-front-window-with-small-table-interior-cozy-house-ai-generateive-generative-ai_123827-23841","width":1380,"height":920,"thumbnail":{"url":"np://user.desktop.nicepage.com/Site_69369087/images/thumbnails/relaxing-individual-armchair-front-window-with-small-table-interior-cozy-house-ai-generateive-generative-ai_123827-23841.jpg","width":250,"height":167},"originalUrl":"https://assets.nicepagecdn.com/d2cc3eaa/6249008/images/relaxing-individual-armchair-front-window-with-small-table-interior-cozy-house-ai-generateive-generative-ai_123827-23841.jpg","usages":["471126084"]},{"id":"user-image-table-set-dinning-table_1339-6420.jpg","publicUrl":"np://user.desktop.nicepage.com/Site_69369087/images/table-set-dinning-table_1339-6420.jpg","size":337306,"hash":"fVtxmi/q5YqmhIkd77OuY4VtVSE=","fileName":"table-set-dinning-table_1339-6420.jpg","name":"table-set-dinning-table_1339-6420","width":1380,"height":920,"thumbnail":{"url":"np://user.desktop.nicepage.com/Site_69369087/images/thumbnails/table-set-dinning-table_1339-6420.jpg","width":250,"height":167},"originalUrl":"https://assets.nicepagecdn.com/d2cc3eaa/6249008/images/table-set-dinning-table_1339-6420.jpg","usages":["471126084"]},{"id":"user-image-woman4.jpg","publicUrl":"np://user.desktop.nicepage.com/Site_69369087/images/woman4.jpg","size":32528,"hash":"WilZ8AIc4DC3/R5sCwoRpLs+w9c=","fileName":"woman4.jpg","name":"woman4","width":626,"height":417,"thumbnail":{"url":"np://user.desktop.nicepage.com/Site_69369087/images/thumbnails/woman4.jpg","width":250,"height":167},"originalUrl":"https://assets.nicepagecdn.com/d2cc3eaa/4115030/images/woman4.jpg","usages":["471126084"]},{"id":"user-image-woman8.jpg","publicUrl":"np://user.desktop.nicepage.com/Site_69369087/images/woman8.jpg","size":38101,"hash":"jxDYzPWwe2NooAyDv+KFCjzHvbA=","fileName":"woman8.jpg","name":"woman8","width":626,"height":417,"thumbnail":{"url":"np://user.desktop.nicepage.com/Site_69369087/images/thumbnails/woman8.jpg","width":250,"height":167},"originalUrl":"https://assets.nicepagecdn.com/d2cc3eaa/3762495/images/woman8.jpg","usages":["471126084"]},{"id":"user-image-woman7.jpg","publicUrl":"np://user.desktop.nicepage.com/Site_69369087/images/woman7.jpg","size":37580,"hash":"KVW5VGgxa+tDX0bd3TS4GVCU1d4=","fileName":"woman7.jpg","name":"woman7","width":626,"height":417,"thumbnail":{"url":"np://user.desktop.nicepage.com/Site_69369087/images/thumbnails/woman7.jpg","width":250,"height":167},"originalUrl":"https://assets.nicepagecdn.com/d2cc3eaa/4115030/images/woman7.jpg","usages":["471126084"]},{"id":"user-image-woman9.jpg","publicUrl":"np://user.desktop.nicepage.com/Site_69369087/images/woman9.jpg","size":59084,"hash":"JgnUF3IesVi4DQdSOrVtbvyuytg=","fileName":"woman9.jpg","name":"woman9","width":626,"height":417,"thumbnail":{"url":"np://user.desktop.nicepage.com/Site_69369087/images/thumbnails/woman9.jpg","width":250,"height":167},"originalUrl":"https://assets.nicepagecdn.com/d2cc3eaa/3762495/images/woman9.jpg","usages":["471126084"]},{"id":"user-image-young-woman-arranging-table-restaurant_23-2147936228.jpg","publicUrl":"np://user.desktop.nicepage.com/Site_69369087/images/young-woman-arranging-table-restaurant_23-2147936228.jpg","size":280764,"hash":"Wy/v97GCj5+IKUjppksHGQzs8u8=","fileName":"young-woman-arranging-table-restaurant_23-2147936228.jpg","name":"young-woman-arranging-table-restaurant_23-2147936228","width":1380,"height":920,"thumbnail":{"url":"np://user.desktop.nicepage.com/Site_69369087/images/thumbnails/young-woman-arranging-table-restaurant_23-2147936228.jpg","width":250,"height":167},"originalUrl":"https://assets.nicepagecdn.com/d2cc3eaa/6249008/images/young-woman-arranging-table-restaurant_23-2147936228.jpg","usages":["471126084"]}]