[{"id":116621414,"title":"Blog Template","order":1,"templateKey":"blog","customTemplate":false,"customTemplateFilename":null,"pageLinks":[],"dateCreated":"2024-08-12T23:05:38.686Z","dateUpdated":"2024-08-12T23:05:40.337Z","folderId":null,"pageName":"Blog Template","serverPageId":null,"sectionCount":1,"status":2,"backwardUrl":null},{"id":2255530044,"title":"Post Template","order":2,"templateKey":"post","customTemplate":false,"customTemplateFilename":null,"pageLinks":[],"dateCreated":"2024-08-12T23:05:38.845Z","dateUpdated":"2024-08-12T23:05:40.338Z","folderId":null,"pageName":"Post Template","serverPageId":null,"sectionCount":1,"status":2,"backwardUrl":null},{"id":57150782,"title":"Product List Template","order":3,"templateKey":"products","customTemplate":false,"customTemplateFilename":null,"pageLinks":[],"dateCreated":"2024-08-12T23:05:39.004Z","dateUpdated":"2024-08-12T23:05:40.338Z","folderId":null,"pageName":"Product List Template","serverPageId":null,"sectionCount":1,"status":2,"backwardUrl":null},{"id":155784591,"title":"Product Details Template","order":4,"templateKey":"product","customTemplate":false,"customTemplateFilename":null,"pageLinks":[],"dateCreated":"2024-08-12T23:05:39.166Z","dateUpdated":"2024-08-12T23:05:40.338Z","folderId":null,"pageName":"Product Details Template","serverPageId":null,"sectionCount":1,"status":2,"backwardUrl":null},{"id":660811034,"title":"Shopping Cart Template","order":5,"templateKey":"cart","customTemplate":false,"customTemplateFilename":null,"pageLinks":[],"dateCreated":"2024-08-12T23:05:39.299Z","dateUpdated":"2024-08-12T23:05:40.338Z","folderId":null,"pageName":"Shopping Cart Template","serverPageId":null,"sectionCount":1,"status":2,"backwardUrl":null},{"id":852729292,"title":"Checkout Template","order":6,"templateKey":"checkout","customTemplate":false,"customTemplateFilename":null,"pageLinks":[],"dateCreated":"2024-08-12T23:05:39.506Z","dateUpdated":"2024-08-12T23:05:40.338Z","folderId":null,"pageName":"Checkout Template","serverPageId":null,"sectionCount":1,"status":2,"backwardUrl":null},{"id":238105892,"title":"Login Template","order":7,"templateKey":"login","customTemplate":false,"customTemplateFilename":null,"pageLinks":[],"dateCreated":"2024-08-12T23:05:39.624Z","dateUpdated":"2024-08-12T23:05:40.338Z","folderId":null,"pageName":"Login Template","serverPageId":null,"sectionCount":1,"status":2,"backwardUrl":null},{"id":2344616422,"title":"Search Page Template","order":8,"templateKey":"Search","customTemplate":false,"customTemplateFilename":null,"pageLinks":[],"dateCreated":"2024-11-20T16:22:59.040Z","dateUpdated":"2024-11-20T16:22:59.104Z","folderId":null,"pageName":"Search Page Template","serverPageId":null,"sectionCount":1,"status":2,"backwardUrl":null},{"id":310633116,"title":"Page Password Template","order":9,"templateKey":"password","customTemplate":false,"customTemplateFilename":null,"pageLinks":[],"dateCreated":"2024-08-12T23:05:39.705Z","dateUpdated":"2024-08-12T23:05:40.338Z","folderId":null,"pageName":"Page Password Template","serverPageId":null,"sectionCount":1,"status":2,"backwardUrl":null},{"id":774820638,"title":"404 Not Found Template","order":10,"templateKey":"404","customTemplate":false,"customTemplateFilename":null,"pageLinks":[],"dateCreated":"2024-08-12T23:05:39.779Z","dateUpdated":"2024-08-12T23:05:40.338Z","folderId":null,"pageName":"404 Not Found Template","serverPageId":null,"sectionCount":1,"status":2,"backwardUrl":null},{"id":2282914317,"title":"Thank You Page Template","order":11,"templateKey":"ThankYou","customTemplate":false,"customTemplateFilename":null,"pageLinks":[],"dateCreated":"2024-08-12T23:05:39.841Z","dateUpdated":"2024-08-12T23:05:40.338Z","folderId":null,"pageName":"Thank You Page Template","serverPageId":null,"sectionCount":1,"status":2,"backwardUrl":null},{"id":471126084,"title":"Home","order":50,"templateKey":null,"customTemplate":false,"customTemplateFilename":null,"pageLinks":["6","5","4"],"dateCreated":"2024-08-12T23:06:09.135Z","dateUpdated":"2024-11-20T16:37:17.420Z","folderId":null,"pageName":"Home_471126084","serverPageId":null,"sectionCount":9,"status":2,"backwardUrl":null},{"id":272026215,"title":"About","order":100,"templateKey":null,"customTemplate":false,"customTemplateFilename":null,"pageLinks":[],"dateCreated":"2024-08-12T23:05:39.888Z","dateUpdated":"2024-08-12T23:05:40.339Z","folderId":null,"pageName":"About_272026215","serverPageId":null,"sectionCount":1,"status":2,"backwardUrl":null},{"id":1602313184,"title":"Contact","order":101,"templateKey":null,"customTemplate":false,"customTemplateFilename":null,"pageLinks":[],"dateCreated":"2024-08-12T23:05:39.931Z","dateUpdated":"2024-08-12T23:28:23.135Z","folderId":null,"pageName":"Contact_1602313184","serverPageId":null,"sectionCount":1,"status":2,"backwardUrl":null}]